{"name":"6d68fc20-8532-47a3-9798-b3e89dc8d69f","id":"/providers/Microsoft.Flow/flows/6d68fc20-8532-47a3-9798-b3e89dc8d69f","type":"Microsoft.Flow/flows","properties":{"apiId":"/providers/Microsoft.PowerApps/apis/shared_logicflows","displayName":"PowerApp -> HTTP","definition":{"metadata":{"workflowEntityId":null,"processAdvisorMetadata":null,"flowclientsuspensionreason":"None","flowclientsuspensiontime":null,"creator":{"id":"7ef48b0e-1db7-42e7-a491-69a22a5ee4f7","type":"User","tenantId":"b8c25932-5e76-4b2b-9c53-d41745e9c92d"},"provisioningMethod":"FromDefinition","failureAlertSubscription":true,"clientLastModifiedTime":"2022-03-22T02:15:27.7931376Z"},"$schema":"https://schema.management.azure.com/providers/Microsoft.Logic/schemas/2016-06-01/workflowdefinition.json#","contentVersion":"1.0.0.0","parameters":{"$authentication":{"defaultValue":{},"type":"SecureObject"}},"triggers":{"manual":{"metadata":{"operationMetadataId":"7882a86f-a532-44d0-b8b6-c64fc3b37a5b"},"type":"Request","kind":"PowerApp","inputs":{"schema":{"type":"object","properties":{"HTTP_URI":{"type":"string","format":"uri","description":"Inserir a URL da solicitação. Este parâmetro é usado como parte de \"1529EEA6-D3A3-4160-B2A6-C29D34C49AA9\"","x-ms-powerflows-param-ispartial":true}},"required":["HTTP_URI"]}}}},"actions":{"HTTP":{"runAfter":{},"metadata":{"operationMetadataId":"28366c05-b2c6-4e90-b88d-eec0848a02cb"},"type":"Http","inputs":{"method":"GET","uri":"https://imunizacao-es.saude.gov.br/desc-imunizacao/_search@{triggerBody()['HTTP_URI']}/json"}}}},"connectionReferences":{},"flowFailureAlertSubscribed":false,"isManaged":false}}